step,scenario,field_health_pct,field_biomass_pct,mean_grazing_pressure,degraded_area_pct,mean_ndvi_pct
0,scarce,100.0,46.00007820767078,0.0,0.0,24.325666783590812
1,scarce,100.0,46.00015641520859,0.0,0.0,24.325666783590812
2,scarce,100.0,46.000234622613455,0.0,0.0,24.325666783590812
3,scarce,100.0,46.00031282988534,0.0,0.0,24.325666783590812
4,scarce,100.0,46.000391037024265,0.0,0.0,24.325666783590812
5,scarce,100.0,46.000469244030235,0.0,0.0,24.325666783590812
6,scarce,100.0,46.00054745090325,0.0,0.0,24.325666783590812
7,scarce,100.0,46.0006256576433,0.0,0.0,24.325666783590812
8,scarce,100.0,46.000703864250376,0.0,0.0,24.325666783590812
9,scarce,100.0,46.000782070724505,0.0,0.0,24.325666783590812
10,scarce,100.0,46.00086027706567,0.0,0.0,24.325666783590812
11,scarce,100.0,46.00093848327387,0.0,0.0,24.325666783590812
12,scarce,100.0,46.001016689349115,0.0,0.0,24.325666783590812
13,scarce,100.0,46.001094895291395,0.0,0.0,24.325666783590812
14,scarce,100.0,46.001173101100726,0.0,0.0,24.325666783590812
15,scarce,100.0,46.00125130677709,0.0,0.0,24.325666783590812
16,scarce,100.0,46.0013295123205,0.0,0.0,24.325666783590812
17,scarce,100.0,46.00140771773095,0.0,0.0,24.325666783590812
18,scarce,100.0,46.001485923008445,0.0,0.0,24.325666783590812
19,scarce,100.0,46.001564128152985,0.0,0.0,24.325666783590812
20,scarce,100.0,46.00164233316456,0.0,0.0,24.325666783590812
21,scarce,100.0,46.00172053804318,0.0,0.0,24.325666783590812
22,scarce,100.0,46.00179874278885,0.0,0.0,24.325666783590812
23,scarce,100.0,46.00187694740155,0.0,0.0,24.325666783590812
24,scarce,100.0,46.001955151881305,0.0,0.0,24.325666783590812
25,scarce,100.0,46.002033356228104,0.0,0.0,24.325666783590812
26,scarce,100.0,46.00211156044194,0.0,0.0,24.325666783590812
27,scarce,100.0,46.00218976452282,0.0,0.0,24.325666783590812
28,scarce,100.0,46.002267968470754,0.0,0.0,24.325666783590812
29,scarce,100.0,46.00234617228572,0.0,0.0,24.325666783590812
30,scarce,100.0,46.002424375967735,0.0,0.0,24.325666783590812
31,scarce,100.0,46.0025025795168,0.0,0.0,24.325666783590812
32,scarce,100.0,46.00258078293292,0.0,0.0,24.325666783590812
33,scarce,100.0,46.00265898621607,0.0,0.0,24.325666783590812
34,scarce,100.0,46.00273718936628,0.0,0.0,24.325666783590812
35,scarce,100.0,46.002815392383525,0.0,0.0,24.325666783590812
36,scarce,100.0,46.00289359526782,0.0,0.0,24.325666783590812
37,scarce,100.0,46.00297179801916,0.0,0.0,24.325666783590812
38,scarce,100.0,46.00305000063755,0.0,0.0,24.325666783590812
39,scarce,100.0,46.003128203123,0.0,0.0,24.325666783590812
40,scarce,100.0,46.00320640547548,0.0,0.0,24.325666783590812
41,scarce,100.0,46.003284607695015,0.0,0.0,24.325666783590812
42,scarce,100.0,46.00336280978159,0.0,0.0,24.325666783590812
43,scarce,100.0,46.00344101173523,0.0,0.0,24.325666783590812
44,scarce,100.0,46.00351921355591,0.0,0.0,24.325666783590812
45,scarce,100.0,46.00359741524364,0.0,0.0,24.325666783590812
46,scarce,100.0,46.00367561679842,0.0,0.0,24.325666783590812
47,scarce,100.0,46.00375381822025,0.0,0.0,24.325666783590812
48,scarce,100.0,46.003832019509126,0.0,0.0,24.325666783590812
49,scarce,100.0,46.00391022066506,0.0,0.0,24.325666783590812
50,scarce,100.0,46.00398842168804,0.0,0.0,24.325666783590812
51,scarce,100.0,46.00406662257807,0.0,0.0,24.325666783590812
52,scarce,100.0,46.00414482333516,0.0,0.0,24.325666783590812
53,scarce,100.0,46.0042230239593,0.0,0.0,24.325666783590812
54,scarce,100.0,46.00430122445047,0.0,0.0,24.325666783590812
55,scarce,100.0,46.004379424808725,0.0,0.0,24.325666783590812
56,scarce,100.0,46.004457625034014,0.0,0.0,24.325666783590812
57,scarce,100.0,46.004535825126354,0.0,0.0,24.325666783590812
58,scarce,100.0,46.00461402508575,0.0,0.0,24.325666783590812
59,scarce,100.0,46.004692224912205,0.0,0.0,24.325666783590812
60,scarce,100.0,46.0047704246057,0.0,0.0,24.325666783590812
61,scarce,100.0,46.004848624166264,0.0,0.0,24.325666783590812
62,scarce,100.0,46.00492682359387,0.0,0.0,24.325666783590812
63,scarce,100.0,46.00500502288854,0.0,0.0,24.325666783590812
64,scarce,100.0,46.00508322205025,0.0,0.0,24.325666783590812
65,scarce,100.0,46.00516142107902,0.0,0.0,24.325666783590812
66,scarce,100.0,46.00523961997486,0.0,0.0,24.325666783590812
67,scarce,100.0,46.00531781873774,0.0,0.0,24.325666783590812
68,scarce,100.0,46.00539601736768,0.0,0.0,24.325666783590812
69,scarce,100.0,46.00547421586468,0.0,0.0,24.325666783590812
70,scarce,100.0,46.00555241422873,0.0,0.0,24.325666783590812
71,scarce,100.0,46.00563061245984,0.0,0.0,24.325666783590812
72,scarce,100.0,46.005708810558,0.0,0.0,24.325666783590812
73,scarce,100.0,46.00578700852322,0.0,0.0,24.325666783590812
74,scarce,100.0,46.0058652063555,0.0,0.0,24.325666783590812
75,scarce,100.0,46.00594340405485,0.0,0.0,24.325666783590812
76,scarce,100.0,46.00602160162123,0.0,0.0,24.325666783590812
77,scarce,100.0,46.00609979905468,0.0,0.0,24.325666783590812
78,scarce,100.0,46.006177996355206,0.0,0.0,24.325666783590812
79,scarce,100.0,46.00625619352276,0.0,0.0,24.325666783590812
80,scarce,100.0,46.00633439055739,0.0,0.0,24.325666783590812
81,scarce,100.0,46.00641258745907,0.0,0.0,24.325666783590812
82,scarce,100.0,46.00649078422782,0.0,0.0,24.325666783590812
83,scarce,100.0,46.00656898086362,0.0,0.0,24.325666783590812
84,scarce,100.0,46.00664717736649,0.0,0.0,24.325666783590812
85,scarce,100.0,46.006725373736415,0.0,0.0,24.325666783590812
86,scarce,100.0,46.00680356997341,0.0,0.0,24.325666783590812
87,scarce,100.0,46.00688176607745,0.0,0.0,24.325666783590812
88,scarce,100.0,46.006959962048555,0.0,0.0,24.325666783590812
89,scarce,100.0,46.00703815788673,0.0,0.0,24.325666783590812
90,scarce,100.0,46.00711635359195,0.0,0.0,24.325666783590812
91,scarce,100.0,46.00719454916425,0.0,0.0,24.325666783590812
92,scarce,100.0,46.0072727446036,0.0,0.0,24.325666783590812
93,scarce,100.0,46.00735093991001,0.0,0.0,24.325666783590812
94,scarce,100.0,46.0074291350835,0.0,0.0,24.325666783590812
95,scarce,100.0,46.00750733012403,0.0,0.0,24.325666783590812
96,scarce,100.0,46.007585525031644,0.0,0.0,24.325666783590812
97,scarce,100.0,46.00766371980632,0.0,0.0,24.325666783590812
98,scarce,100.0,46.00774191444804,0.0,0.0,24.325666783590812
99,scarce,100.0,46.00782010895684,0.0,0.0,24.325666783590812
100,scarce,100.0,46.007898303332695,0.0,0.0,24.325666783590812
101,scarce,100.0,46.007976497575626,0.0,0.0,24.325666783590812
102,scarce,100.0,46.008054691685615,0.0,0.0,24.325666783590812
103,scarce,100.0,46.008132885662675,0.0,0.0,24.325666783590812
104,scarce,100.0,46.008211079506786,0.0,0.0,24.325666783590812
105,scarce,100.0,46.008289273217976,0.0,0.0,24.325666783590812
106,scarce,100.0,46.00836746679622,0.0,0.0,24.325666783590812
107,scarce,100.0,46.008445660241534,0.0,0.0,24.325666783590812
108,scarce,100.0,46.00852385355392,0.0,0.0,24.325666783590812
109,scarce,100.0,46.00860204673337,0.0,0.0,24.325666783590812
110,scarce,100.0,46.00868023977989,0.0,0.0,24.325666783590812
111,scarce,100.0,46.00875843269348,0.0,0.0,24.325666783590812
112,scarce,100.0,46.008836625474125,0.0,0.0,24.325666783590812
113,scarce,100.0,46.00891481812184,0.0,0.0,24.325666783590812
114,scarce,100.0,46.00899301063663,0.0,0.0,24.325666783590812
115,scarce,100.0,46.009071203018486,0.0,0.0,24.325666783590812
116,scarce,100.0,46.009149395267414,0.0,0.0,24.325666783590812
117,scarce,100.0,46.009227587383414,0.0,0.0,24.325666783590812
118,scarce,100.0,46.00930577936646,0.0,0.0,24.325666783590812
119,scarce,100.0,46.00938397121659,0.0,0.0,24.325666783590812
120,scarce,100.0,46.009462162933794,0.0,0.0,24.325666783590812
121,scarce,100.0,46.009540354518066,0.0,0.0,24.325666783590812
122,scarce,100.0,46.00961854596941,0.0,0.0,24.325666783590812
123,scarce,100.0,46.00969673728782,0.0,0.0,24.325666783590812
124,scarce,100.0,46.0097749284733,0.0,0.0,24.325666783590812
125,scarce,100.0,46.00985311952585,0.0,0.0,24.325666783590812
126,scarce,100.0,46.009931310445474,0.0,0.0,24.325666783590812
127,scarce,100.0,46.010009501232176,0.0,0.0,24.325666783590812
128,scarce,100.0,46.010087691885936,0.0,0.0,24.325666783590812
129,scarce,100.0,46.010165882406774,0.0,0.0,24.325666783590812
130,scarce,100.0,46.010244072794684,0.0,0.0,24.325666783590812
131,scarce,100.0,46.010322263049666,0.0,0.0,24.325666783590812
132,scarce,100.0,46.01040045317173,0.0,0.0,24.325666783590812
133,scarce,100.0,46.010478643160866,0.0,0.0,24.325666783590812
134,scarce,100.0,46.01055683301706,0.0,0.0,24.325666783590812
135,scarce,100.0,46.01063502274033,0.0,0.0,24.325666783590812
136,scarce,100.0,46.01071321233069,0.0,0.0,24.325666783590812
137,scarce,100.0,46.010791401788104,0.0,0.0,24.325666783590812
138,scarce,100.0,46.01086959111261,0.0,0.0,24.325666783590812
139,scarce,100.0,46.010947780304186,0.0,0.0,24.325666783590812
140,scarce,100.0,46.01102596936283,0.0,0.0,24.325666783590812
141,scarce,100.0,46.01110415828855,0.0,0.0,24.325666783590812
142,scarce,100.0,46.01118234708136,0.0,0.0,24.325666783590812
143,scarce,100.0,46.011260535741236,0.0,0.0,24.325666783590812
144,scarce,100.0,46.01133872426818,0.0,0.0,24.325666783590812
145,scarce,100.0,46.01141691266221,0.0,0.0,24.325666783590812
146,scarce,100.0,46.01149510092332,0.0,0.0,24.325666783590812
147,scarce,100.0,46.01157328905149,0.0,0.0,24.325666783590812
148,scarce,100.0,46.01165147704675,0.0,0.0,24.325666783590812
149,scarce,100.0,46.0117296649091,0.0,0.0,24.325666783590812
150,scarce,100.0,46.011807852638505,0.0,0.0,24.325666783590812
151,scarce,100.0,46.011886040235,0.0,0.0,24.325666783590812
152,scarce,100.0,46.01196422769856,0.0,0.0,24.325666783590812
153,scarce,100.0,46.012042415029214,0.0,0.0,24.325666783590812
154,scarce,100.0,46.012120602226936,0.0,0.0,24.325666783590812
155,scarce,100.0,46.012198789291745,0.0,0.0,24.325666783590812
156,scarce,100.0,46.01227697622364,0.0,0.0,24.325666783590812
157,scarce,100.0,46.012355163022605,0.0,0.0,24.325666783590812
158,scarce,100.0,46.01243334968864,0.0,0.0,24.325666783590812
159,scarce,100.0,46.01251153622176,0.0,0.0,24.325666783590812
160,scarce,100.0,46.012589722621975,0.0,0.0,24.325666783590812
161,scarce,100.0,46.012667908889256,0.0,0.0,24.325666783590812
162,scarce,100.0,46.01274609502363,0.0,0.0,24.325666783590812
163,scarce,100.0,46.012824281025075,0.0,0.0,24.325666783590812
164,scarce,100.0,46.0129024668936,0.0,0.0,24.325666783590812
165,scarce,100.0,46.01298065262921,0.0,0.0,24.325666783590812
166,scarce,100.0,46.013058838231906,0.0,0.0,24.325666783590812
167,scarce,100.0,46.01313702370168,0.0,0.0,24.325666783590812
168,scarce,100.0,46.013215209038535,0.0,0.0,24.325666783590812
169,scarce,100.0,46.01329339424248,0.0,0.0,24.325666783590812
170,scarce,100.0,46.01337157931351,0.0,0.0,24.325666783590812
171,scarce,100.0,46.013449764251604,0.0,0.0,24.325666783590812
172,scarce,100.0,46.0135279490568,0.0,0.0,24.325666783590812
173,scarce,100.0,46.01360613372908,0.0,0.0,24.325666783590812
174,scarce,100.0,46.01368431826844,0.0,0.0,24.325666783590812
175,scarce,100.0,46.01376250267488,0.0,0.0,24.325666783590812
176,scarce,100.0,46.013840686948406,0.0,0.0,24.325666783590812
177,scarce,100.0,46.01391887108902,0.0,0.0,24.325666783590812
178,scarce,100.0,46.013997055096716,0.0,0.0,24.325666783590812
179,scarce,100.0,46.0140752389715,0.0,0.0,24.325666783590812
180,scarce,100.0,46.01415342271337,0.0,0.0,24.325666783590812
181,scarce,100.0,46.014231606322326,0.0,0.0,24.325666783590812
182,scarce,100.0,46.01430978979837,0.0,0.0,24.325666783590812
183,scarce,100.0,46.0143879731415,0.0,0.0,24.325666783590812
184,scarce,100.0,46.014466156351716,0.0,0.0,24.325666783590812
185,scarce,100.0,46.01454433942902,0.0,0.0,24.325666783590812
186,scarce,100.0,46.01462252237341,0.0,0.0,24.325666783590812
187,scarce,100.0,46.01470070518488,0.0,0.0,24.325666783590812
188,scarce,100.0,46.01477888786344,0.0,0.0,24.325666783590812
189,scarce,100.0,46.01485707040909,0.0,0.0,24.325666783590812
190,scarce,100.0,46.01493525282185,0.0,0.0,24.325666783590812
191,scarce,100.0,46.01501343510168,0.0,0.0,24.325666783590812
192,scarce,100.0,46.01509161724859,0.0,0.0,24.325666783590812
193,scarce,100.0,46.0151697992626,0.0,0.0,24.325666783590812
194,scarce,100.0,46.01524798114371,0.0,0.0,24.325666783590812
195,scarce,100.0,46.01532616289189,0.0,0.0,24.325666783590812
196,scarce,100.0,46.015404344507175,0.0,0.0,24.325666783590812
197,scarce,100.0,46.01548252598954,0.0,0.0,24.325666783590812
198,scarce,100.0,46.015560707339006,0.0,0.0,24.325666783590812
199,scarce,100.0,46.01563888855556,0.0,0.0,24.325666783590812
200,scarce,100.0,46.015717069639194,0.0,0.0,24.325666783590812
201,scarce,100.0,46.015795250589925,0.0,0.0,24.325666783590812
202,scarce,100.0,46.01587343140775,0.0,0.0,24.325666783590812
203,scarce,100.0,46.015951612092664,0.0,0.0,24.325666783590812
204,scarce,100.0,46.016029792644666,0.0,0.0,24.325666783590812
205,scarce,100.0,46.01610797306378,0.0,0.0,24.325666783590812
206,scarce,100.0,46.01618615334998,0.0,0.0,24.325666783590812
207,scarce,100.0,46.016264333503266,0.0,0.0,24.325666783590812
208,scarce,100.0,46.01634251352363,0.0,0.0,24.325666783590812
209,scarce,100.0,46.01642069341111,0.0,0.0,24.325666783590812
210,scarce,100.0,46.01649887316569,0.0,0.0,24.325666783590812
211,scarce,100.0,46.01657705278735,0.0,0.0,24.325666783590812
212,scarce,100.0,46.01665523227611,0.0,0.0,24.325666783590812
213,scarce,100.0,46.016733411631954,0.0,0.0,24.325666783590812
214,scarce,100.0,46.01681159085489,0.0,0.0,24.325666783590812
215,scarce,100.0,46.016889769944946,0.0,0.0,24.325666783590812
216,scarce,100.0,46.016967948902085,0.0,0.0,24.325666783590812
217,scarce,100.0,46.01704612772631,0.0,0.0,24.325666783590812
218,scarce,100.0,46.01712430641764,0.0,0.0,24.325666783590812
219,scarce,100.0,46.01720248497607,0.0,0.0,24.325666783590812
220,scarce,100.0,46.0172806634016,0.0,0.0,24.325666783590812
221,scarce,100.0,46.01735884169422,0.0,0.0,24.325666783590812
222,scarce,100.0,46.01743701985393,0.0,0.0,24.325666783590812
223,scarce,100.0,46.01751519788074,0.0,0.0,24.325666783590812
224,scarce,100.0,46.01759337577465,0.0,0.0,24.325666783590812
225,scarce,100.0,46.01767155353566,0.0,0.0,24.325666783590812
226,scarce,100.0,46.01774973116377,0.0,0.0,24.325666783590812
227,scarce,100.0,46.01782790865897,0.0,0.0,24.325666783590812
228,scarce,100.0,46.01790608602128,0.0,0.0,24.325666783590812
229,scarce,100.0,46.017984263250675,0.0,0.0,24.325666783590812
230,scarce,100.0,46.01806244034718,0.0,0.0,24.325666783590812
231,scarce,100.0,46.018140617310785,0.0,0.0,24.325666783590812
232,scarce,100.0,46.01821879414148,0.0,0.0,24.325666783590812
233,scarce,100.0,46.01829697083929,0.0,0.0,24.325666783590812
234,scarce,100.0,46.018375147404186,0.0,0.0,24.325666783590812
235,scarce,100.0,46.0184533238362,0.0,0.0,24.325666783590812
236,scarce,100.0,46.018531500135296,0.0,0.0,24.325666783590812
237,scarce,100.0,46.0186096763015,0.0,0.0,24.325666783590812
238,scarce,100.0,46.01868785233481,0.0,0.0,24.325666783590812
239,scarce,100.0,46.01876602823522,0.0,0.0,24.325666783590812
240,scarce,100.0,46.01884420400273,0.0,0.0,24.325666783590812
241,scarce,100.0,46.01892237963735,0.0,0.0,24.325666783590812
242,scarce,100.0,46.01900055513906,0.0,0.0,24.325666783590812
243,scarce,100.0,46.01907873050787,0.0,0.0,24.325666783590812
244,scarce,100.0,46.0191569057438,0.0,0.0,24.325666783590812
245,scarce,100.0,46.01923508084681,0.0,0.0,24.325666783590812
246,scarce,100.0,46.01931325581695,0.0,0.0,24.325666783590812
247,scarce,100.0,46.019391430654174,0.0,0.0,24.325666783590812
248,scarce,100.0,46.019469605358516,0.0,0.0,24.325666783590812
249,scarce,100.0,46.01954777992995,0.0,0.0,24.325666783590812
250,scarce,100.0,46.019625954368486,0.0,0.0,24.325666783590812
251,scarce,100.0,46.01970412867415,0.0,0.0,24.325666783590812
252,scarce,100.0,46.019782302846906,0.0,0.0,24.325666783590812
253,scarce,100.0,46.01986047688676,0.0,0.0,24.325666783590812
254,scarce,100.0,46.019938650793726,0.0,0.0,24.325666783590812
255,scarce,100.0,46.0200168245678,0.0,0.0,24.325666783590812
256,scarce,100.0,46.02009499820898,0.0,0.0,24.325666783590812
257,scarce,100.0,46.02017317171726,0.0,0.0,24.325666783590812
258,scarce,100.0,46.02025134509265,0.0,0.0,24.325666783590812
259,scarce,100.0,46.02032951833516,0.0,0.0,24.325666783590812
260,scarce,100.0,46.02040769144476,0.0,0.0,24.325666783590812
261,scarce,100.0,46.02048586442148,0.0,0.0,24.325666783590812
262,scarce,100.0,46.020564037265295,0.0,0.0,24.325666783590812
263,scarce,100.0,46.02064220997623,0.0,0.0,24.325666783590812
264,scarce,100.0,46.020720382554266,0.0,0.0,24.325666783590812
265,scarce,100.0,46.020798554999416,0.0,0.0,24.325666783590812
266,scarce,100.0,46.02087672731166,0.0,0.0,24.325666783590812
267,scarce,100.0,46.02095489949104,0.0,0.0,24.325666783590812
268,scarce,100.0,46.021033071537516,0.0,0.0,24.325666783590812
269,scarce,100.0,46.02111124345109,0.0,0.0,24.325666783590812
270,scarce,100.0,46.02118941523179,0.0,0.0,24.325666783590812
271,scarce,100.0,46.021267586879596,0.0,0.0,24.325666783590812
272,scarce,100.0,46.02134575839452,0.0,0.0,24.325666783590812
273,scarce,100.0,46.02142392977654,0.0,0.0,24.325666783590812
274,scarce,100.0,46.021502101025675,0.0,0.0,24.325666783590812
275,scarce,100.0,46.02158027214192,0.0,0.0,24.325666783590812
276,scarce,100.0,46.02165844312528,0.0,0.0,24.325666783590812
277,scarce,100.0,46.02173661397576,0.0,0.0,24.325666783590812
278,scarce,100.0,46.02181478469335,0.0,0.0,24.325666783590812
279,scarce,100.0,46.02189295527804,0.0,0.0,24.325666783590812
280,scarce,100.0,46.021971125729856,0.0,0.0,24.325666783590812
281,scarce,100.0,46.02204929604877,0.0,0.0,24.325666783590812
282,scarce,100.0,46.022127466234814,0.0,0.0,24.325666783590812
283,scarce,100.0,46.022205636287964,0.0,0.0,24.325666783590812
284,scarce,100.0,46.02228380620822,0.0,0.0,24.325666783590812
285,scarce,100.0,46.022361975995594,0.0,0.0,24.325666783590812
286,scarce,100.0,46.022440145650094,0.0,0.0,24.325666783590812
287,scarce,100.0,46.0225183151717,0.0,0.0,24.325666783590812
288,scarce,100.0,46.02259648456042,0.0,0.0,24.325666783590812
289,scarce,100.0,46.02267465381627,0.0,0.0,24.325666783590812
290,scarce,100.0,46.02275282293921,0.0,0.0,24.325666783590812
291,scarce,100.0,46.022830991929276,0.0,0.0,24.325666783590812
292,scarce,100.0,46.02290916078646,0.0,0.0,24.325666783590812
293,scarce,100.0,46.02298732951076,0.0,0.0,24.325666783590812
294,scarce,100.0,46.02306549810219,0.0,0.0,24.325666783590812
295,scarce,100.0,46.02314366656072,0.0,0.0,24.325666783590812
296,scarce,100.0,46.02322183488637,0.0,0.0,24.325666783590812
297,scarce,100.0,46.02330000307914,0.0,0.0,24.325666783590812
298,scarce,100.0,46.02337817113903,0.0,0.0,24.325666783590812
299,scarce,100.0,46.02345633906603,0.0,0.0,24.325666783590812
300,scarce,100.0,46.023534506860145,0.0,0.0,24.325666783590812
301,scarce,100.0,46.02361267452139,0.0,0.0,24.325666783590812
302,scarce,100.0,46.02369084204975,0.0,0.0,24.325666783590812
303,scarce,100.0,46.023769009445225,0.0,0.0,24.325666783590812
304,scarce,100.0,46.02384717670783,0.0,0.0,24.325666783590812
305,scarce,100.0,46.02392534383755,0.0,0.0,24.325666783590812
306,scarce,100.0,46.02400351083438,0.0,0.0,24.325666783590812
307,scarce,100.0,46.02408167769834,0.0,0.0,24.325666783590812
308,scarce,100.0,46.02415984442942,0.0,0.0,24.325666783590812
309,scarce,100.0,46.02423801102762,0.0,0.0,24.325666783590812
310,scarce,100.0,46.024316177492935,0.0,0.0,24.325666783590812
311,scarce,100.0,46.02439434382537,0.0,0.0,24.325666783590812
312,scarce,100.0,46.024472510024935,0.0,0.0,24.325666783590812
313,scarce,100.0,46.02455067609162,0.0,0.0,24.325666783590812
314,scarce,100.0,46.02462884202542,0.0,0.0,24.325666783590812
315,scarce,100.0,46.02470700782635,0.0,0.0,24.325666783590812
316,scarce,100.0,46.0247851734944,0.0,0.0,24.325666783590812
317,scarce,100.0,46.02486333902958,0.0,0.0,24.325666783590812
318,scarce,100.0,46.024941504431865,0.0,0.0,24.325666783590812
319,scarce,100.0,46.02501966970129,0.0,0.0,24.325666783590812
320,scarce,100.0,46.02509783483782,0.0,0.0,24.325666783590812
321,scarce,100.0,46.0251759998415,0.0,0.0,24.325666783590812
322,scarce,100.0,46.02525416471227,0.0,0.0,24.325666783590812
323,scarce,100.0,46.025332329450194,0.0,0.0,24.325666783590812
324,scarce,100.0,46.02541049405524,0.0,0.0,24.325666783590812
325,scarce,100.0,46.0254886585274,0.0,0.0,24.325666783590812
326,scarce,100.0,46.025566822866686,0.0,0.0,24.325666783590812
327,scarce,100.0,46.0256449870731,0.0,0.0,24.325666783590812
328,scarce,100.0,46.02572315114664,0.0,0.0,24.325666783590812
329,scarce,100.0,46.0258013150873,0.0,0.0,24.325666783590812
330,scarce,100.0,46.0258794788951,0.0,0.0,24.325666783590812
331,scarce,100.0,46.02595764257002,0.0,0.0,24.325666783590812
332,scarce,100.0,46.02603580611206,0.0,0.0,24.325666783590812
333,scarce,100.0,46.02611396952125,0.0,0.0,24.325666783590812
334,scarce,100.0,46.02619213279755,0.0,0.0,24.325666783590812
335,scarce,100.0,46.02627029594096,0.0,0.0,24.325666783590812
336,scarce,100.0,46.026348458951524,0.0,0.0,24.325666783590812
337,scarce,100.0,46.0264266218292,0.0,0.0,24.325666783590812
338,scarce,100.0,46.026504784574016,0.0,0.0,24.325666783590812
339,scarce,100.0,46.026582947185965,0.0,0.0,24.325666783590812
340,scarce,100.0,46.02666110966503,0.0,0.0,24.325666783590812
341,scarce,100.0,46.02673927201123,0.0,0.0,24.325666783590812
342,scarce,100.0,46.02681743422457,0.0,0.0,24.325666783590812
343,scarce,100.0,46.02689559630501,0.0,0.0,24.325666783590812
344,scarce,100.0,46.0269737582526,0.0,0.0,24.325666783590812
345,scarce,100.0,46.02705192006732,0.0,0.0,24.325666783590812
346,scarce,100.0,46.02713008174917,0.0,0.0,24.325666783590812
347,scarce,100.0,46.027208243298155,0.0,0.0,24.325666783590812
348,scarce,100.0,46.02728640471426,0.0,0.0,24.325666783590812
349,scarce,100.0,46.0273645659975,0.0,0.0,24.325666783590812
350,scarce,100.0,46.027442727147886,0.0,0.0,24.325666783590812
351,scarce,100.0,46.027520888165384,0.0,0.0,24.325666783590812
352,scarce,100.0,46.027599049050025,0.0,0.0,24.325666783590812
353,scarce,100.0,46.02767720980179,0.0,0.0,24.325666783590812
354,scarce,100.0,46.0277553704207,0.0,0.0,24.325666783590812
355,scarce,100.0,46.02783353090673,0.0,0.0,24.325666783590812
356,scarce,100.0,46.02791169125991,0.0,0.0,24.325666783590812
357,scarce,100.0,46.02798985148021,0.0,0.0,24.325666783590812
358,scarce,100.0,46.02806801156765,0.0,0.0,24.325666783590812
359,scarce,100.0,46.028146171522216,0.0,0.0,24.325666783590812
360,scarce,100.0,46.02822433134393,0.0,0.0,24.325666783590812
361,scarce,100.0,46.02830249103276,0.0,0.0,24.325666783590812
362,scarce,100.0,46.02838065058874,0.0,0.0,24.325666783590812
363,scarce,100.0,46.02845881001185,0.0,0.0,24.325666783590812
364,scarce,100.0,46.028536969302095,0.0,0.0,24.325666783590812
365,scarce,100.0,46.02861512845947,0.0,0.0,24.325666783590812
366,scarce,100.0,46.028693287484,0.0,0.0,24.325666783590812
367,scarce,100.0,46.02877144637564,0.0,0.0,24.325666783590812
368,scarce,100.0,46.02884960513444,0.0,0.0,24.325666783590812
369,scarce,100.0,46.02892776376036,0.0,0.0,24.325666783590812
370,scarce,100.0,46.02900592225343,0.0,0.0,24.325666783590812
371,scarce,100.0,46.029084080613636,0.0,0.0,24.325666783590812
372,scarce,100.0,46.02916223884096,0.0,0.0,24.325666783590812
373,scarce,100.0,46.02924039693544,0.0,0.0,24.325666783590812
374,scarce,100.0,46.029318554897046,0.0,0.0,24.325666783590812
375,scarce,100.0,46.02939671272581,0.0,0.0,24.325666783590812
376,scarce,100.0,46.02947487042171,0.0,0.0,24.325666783590812
377,scarce,100.0,46.02955302798474,0.0,0.0,24.325666783590812
378,scarce,100.0,46.0296311854149,0.0,0.0,24.325666783590812
379,scarce,100.0,46.029709342712216,0.0,0.0,24.325666783590812
380,scarce,100.0,46.029787499876655,0.0,0.0,24.325666783590812
381,scarce,100.0,46.02986565690825,0.0,0.0,24.325666783590812
382,scarce,100.0,46.02994381380697,0.0,0.0,24.325666783590812
383,scarce,100.0,46.03002197057285,0.0,0.0,24.325666783590812
384,scarce,100.0,46.03010012720586,0.0,0.0,24.325666783590812
385,scarce,100.0,46.030178283706014,0.0,0.0,24.325666783590812
386,scarce,100.0,46.0302564400733,0.0,0.0,24.325666783590812
387,scarce,100.0,46.03033459630774,0.0,0.0,24.325666783590812
388,scarce,100.0,46.03041275240932,0.0,0.0,24.325666783590812
389,scarce,100.0,46.030490908378034,0.0,0.0,24.325666783590812
390,scarce,100.0,46.03056906421389,0.0,0.0,24.325666783590812
391,scarce,100.0,46.0306472199169,0.0,0.0,24.325666783590812
392,scarce,100.0,46.030725375487044,0.0,0.0,24.325666783590812
393,scarce,100.0,46.03080353092434,0.0,0.0,24.325666783590812
394,scarce,100.0,46.03088168622877,0.0,0.0,24.325666783590812
395,scarce,100.0,46.030959841400346,0.0,0.0,24.325666783590812
396,scarce,100.0,46.031037996439075,0.0,0.0,24.325666783590812
397,scarce,100.0,46.03111615134494,0.0,0.0,24.325666783590812
398,scarce,100.0,46.03119430611795,0.0,0.0,24.325666783590812
399,scarce,100.0,46.0312724607581,0.0,0.0,24.325666783590812
400,scarce,100.0,46.0313506152654,0.0,0.0,24.325666783590812
401,scarce,100.0,46.031428769639845,0.0,0.0,24.325666783590812
402,scarce,100.0,46.03150692388144,0.0,0.0,24.325666783590812
403,scarce,100.0,46.03158507799018,0.0,0.0,24.325666783590812
404,scarce,100.0,46.031663231966064,0.0,0.0,24.325666783590812
405,scarce,100.0,46.03174138580909,0.0,0.0,24.325666783590812
406,scarce,100.0,46.03181953951927,0.0,0.0,24.325666783590812
407,scarce,100.0,46.031897693096596,0.0,0.0,24.325666783590812
408,scarce,100.0,46.03197584654106,0.0,0.0,24.325666783590812
409,scarce,100.0,46.032053999852685,0.0,0.0,24.325666783590812
410,scarce,100.0,46.03213215303144,0.0,0.0,24.325666783590812
411,scarce,100.0,46.03221030607737,0.0,0.0,24.325666783590812
412,scarce,100.0,46.03228845899043,0.0,0.0,24.325666783590812
413,scarce,100.0,46.032366611770634,0.0,0.0,24.325666783590812
414,scarce,100.0,46.032444764418,0.0,0.0,24.325666783590812
415,scarce,100.0,46.03252291693251,0.0,0.0,24.325666783590812
416,scarce,100.0,46.03260106931417,0.0,0.0,24.325666783590812
417,scarce,100.0,46.03267922156298,0.0,0.0,24.325666783590812
418,scarce,100.0,46.03275737367893,0.0,0.0,24.325666783590812
419,scarce,100.0,46.032835525662044,0.0,0.0,24.325666783590812
420,scarce,100.0,46.032913677512305,0.0,0.0,24.325666783590812
421,scarce,100.0,46.032991829229715,0.0,0.0,24.325666783590812
422,scarce,100.0,46.03306998081429,0.0,0.0,24.325666783590812
423,scarce,100.0,46.03314813226599,0.0,0.0,24.325666783590812
424,scarce,100.0,46.03322628358486,0.0,0.0,24.325666783590812
425,scarce,100.0,46.033304434770876,0.0,0.0,24.325666783590812
426,scarce,100.0,46.03338258582404,0.0,0.0,24.325666783590812
427,scarce,100.0,46.03346073674437,0.0,0.0,24.325666783590812
428,scarce,100.0,46.03353888753184,0.0,0.0,24.325666783590812
429,scarce,100.0,46.03361703818646,0.0,0.0,24.325666783590812
430,scarce,100.0,46.03369518870824,0.0,0.0,24.325666783590812
431,scarce,100.0,46.03377333909718,0.0,0.0,24.325666783590812
432,scarce,100.0,46.03385148935325,0.0,0.0,24.325666783590812
433,scarce,100.0,46.033929639476504,0.0,0.0,24.325666783590812
434,scarce,100.0,46.034007789466905,0.0,0.0,24.325666783590812
435,scarce,100.0,46.03408593932445,0.0,0.0,24.325666783590812
436,scarce,100.0,46.03416408904916,0.0,0.0,24.325666783590812
437,scarce,100.0,46.03424223864101,0.0,0.0,24.325666783590812
438,scarce,100.0,46.034320388100035,0.0,0.0,24.325666783590812
439,scarce,100.0,46.0343985374262,0.0,0.0,24.325666783590812
440,scarce,100.0,46.034476686619534,0.0,0.0,24.325666783590812
441,scarce,100.0,46.03455483568002,0.0,0.0,24.325666783590812
442,scarce,100.0,46.03463298460766,0.0,0.0,24.325666783590812
443,scarce,100.0,46.03471113340245,0.0,0.0,24.325666783590812
444,scarce,100.0,46.0347892820644,0.0,0.0,24.325666783590812
445,scarce,100.0,46.034867430593515,0.0,0.0,24.325666783590812
446,scarce,100.0,46.03494557898979,0.0,0.0,24.325666783590812
447,scarce,100.0,46.03502372725321,0.0,0.0,24.325666783590812
448,scarce,100.0,46.03510187538379,0.0,0.0,24.325666783590812
449,scarce,100.0,46.03518002338154,0.0,0.0,24.325666783590812
450,scarce,100.0,46.03525817124644,0.0,0.0,24.325666783590812
451,scarce,100.0,46.0353363189785,0.0,0.0,24.325666783590812
452,scarce,100.0,46.03541446657772,0.0,0.0,24.325666783590812
453,scarce,100.0,46.0354926140441,0.0,0.0,24.325666783590812
454,scarce,100.0,46.03557076137763,0.0,0.0,24.325666783590812
455,scarce,100.0,46.03564890857833,0.0,0.0,24.325666783590812
456,scarce,100.0,46.035727055646184,0.0,0.0,24.325666783590812
457,scarce,100.0,46.0358052025812,0.0,0.0,24.325666783590812
458,scarce,100.0,46.03588334938339,0.0,0.0,24.325666783590812
459,scarce,100.0,46.03596149605273,0.0,0.0,24.325666783590812
460,scarce,100.0,46.03603964258923,0.0,0.0,24.325666783590812
461,scarce,100.0,46.036117788992904,0.0,0.0,24.325666783590812
462,scarce,100.0,46.03619593526373,0.0,0.0,24.325666783590812
463,scarce,100.0,46.036274081401714,0.0,0.0,24.325666783590812
464,scarce,100.0,46.036352227406866,0.0,0.0,24.325666783590812
465,scarce,100.0,46.036430373279174,0.0,0.0,24.325666783590812
466,scarce,100.0,46.036508519018646,0.0,0.0,24.325666783590812
467,scarce,100.0,46.036586664625275,0.0,0.0,24.325666783590812
468,scarce,100.0,46.0366648100991,0.0,0.0,24.325666783590812
469,scarce,100.0,46.03674295544006,0.0,0.0,24.325666783590812
470,scarce,100.0,46.03682110064819,0.0,0.0,24.325666783590812
471,scarce,100.0,46.03689924572348,0.0,0.0,24.325666783590812
472,scarce,100.0,46.03697739066593,0.0,0.0,24.325666783590812
473,scarce,100.0,46.03705553547556,0.0,0.0,24.325666783590812
474,scarce,100.0,46.03713368015235,0.0,0.0,24.325666783590812
475,scarce,100.0,46.03721182469631,0.0,0.0,24.325666783590812
476,scarce,100.0,46.03728996910743,0.0,0.0,24.325666783590812
477,scarce,100.0,46.03736811338572,0.0,0.0,24.325666783590812
478,scarce,100.0,46.03744625753117,0.0,0.0,24.325666783590812
479,scarce,100.0,46.03752440154378,0.0,0.0,24.325666783590812
480,scarce,100.0,46.037602545423574,0.0,0.0,24.325666783590812
481,scarce,100.0,46.03768068917052,0.0,0.0,24.325666783590812
482,scarce,100.0,46.03775883278464,0.0,0.0,24.325666783590812
483,scarce,100.0,46.03783697626593,0.0,0.0,24.325666783590812
484,scarce,100.0,46.03791511961439,0.0,0.0,24.325666783590812
485,scarce,100.0,46.037993262830014,0.0,0.0,24.325666783590812
486,scarce,100.0,46.0380714059128,0.0,0.0,24.325666783590812
487,scarce,100.0,46.038149548862755,0.0,0.0,24.325666783590812
488,scarce,100.0,46.03822769167989,0.0,0.0,24.325666783590812
489,scarce,100.0,46.03830583436419,0.0,0.0,24.325666783590812
490,scarce,100.0,46.038383976915654,0.0,0.0,24.325666783590812
491,scarce,100.0,46.03846211933429,0.0,0.0,24.325666783590812
492,scarce,100.0,46.03854026162009,0.0,0.0,24.325666783590812
493,scarce,100.0,46.03861840377307,0.0,0.0,24.325666783590812
494,scarce,100.0,46.038696545793215,0.0,0.0,24.325666783590812
495,scarce,100.0,46.03877468768054,0.0,0.0,24.325666783590812
496,scarce,100.0,46.03885282943502,0.0,0.0,24.325666783590812
497,scarce,100.0,46.038930971056686,0.0,0.0,24.325666783590812
498,scarce,100.0,46.03900911254552,0.0,0.0,24.325666783590812
499,scarce,100.0,46.03908725390153,0.0,0.0,24.325666783590812
500,scarce,100.0,46.0391653951247,0.0,0.0,24.325666783590812
501,scarce,100.0,46.039243536215054,0.0,0.0,24.325666783590812
502,scarce,100.0,46.03932167717257,0.0,0.0,24.325666783590812
503,scarce,100.0,46.039399817997264,0.0,0.0,24.325666783590812
504,scarce,100.0,46.03947795868913,0.0,0.0,24.325666783590812
505,scarce,100.0,46.039556099248166,0.0,0.0,24.325666783590812
506,scarce,100.0,46.039634239674385,0.0,0.0,24.325666783590812
507,scarce,100.0,46.03971237996778,0.0,0.0,24.325666783590812
508,scarce,100.0,46.039790520128335,0.0,0.0,24.325666783590812
509,scarce,100.0,46.039868660156074,0.0,0.0,24.325666783590812
510,scarce,100.0,46.039946800050984,0.0,0.0,24.325666783590812
511,scarce,100.0,46.040024939813065,0.0,0.0,24.325666783590812
512,scarce,100.0,46.04010307944234,0.0,0.0,24.325666783590812
513,scarce,100.0,46.04018121893877,0.0,0.0,24.325666783590812
514,scarce,100.0,46.04025935830239,0.0,0.0,24.325666783590812
515,scarce,100.0,46.04033749753318,0.0,0.0,24.325666783590812
516,scarce,100.0,46.04041563663114,0.0,0.0,24.325666783590812
517,scarce,100.0,46.04049377559629,0.0,0.0,24.325666783590812
518,scarce,100.0,46.040571914428604,0.0,0.0,24.325666783590812
519,scarce,100.0,46.040650053128104,0.0,0.0,24.325666783590812
520,scarce,100.0,46.04072819169478,0.0,0.0,24.325666783590812
521,scarce,100.0,46.04080633012863,0.0,0.0,24.325666783590812
522,scarce,100.0,46.04088446842966,0.0,0.0,24.325666783590812
523,scarce,100.0,46.04096260659787,0.0,0.0,24.325666783590812
524,scarce,100.0,46.04104074463326,0.0,0.0,24.325666783590812
525,scarce,100.0,46.04111888253583,0.0,0.0,24.325666783590812
526,scarce,100.0,46.04119702030557,0.0,0.0,24.325666783590812
527,scarce,100.0,46.04127515794249,0.0,0.0,24.325666783590812
528,scarce,100.0,46.0413532954466,0.0,0.0,24.325666783590812
529,scarce,100.0,46.04143143281788,0.0,0.0,24.325666783590812
530,scarce,100.0,46.04150957005634,0.0,0.0,24.325666783590812
531,scarce,100.0,46.041587707161995,0.0,0.0,24.325666783590812
532,scarce,100.0,46.04166584413482,0.0,0.0,24.325666783590812
533,scarce,100.0,46.04174398097482,0.0,0.0,24.325666783590812
534,scarce,100.0,46.04182211768201,0.0,0.0,24.325666783590812
535,scarce,100.0,46.041900254256376,0.0,0.0,24.325666783590812
536,scarce,100.0,46.041978390697935,0.0,0.0,24.325666783590812
537,scarce,100.0,46.04205652700667,0.0,0.0,24.325666783590812
538,scarce,100.0,46.04213466318258,0.0,0.0,24.325666783590812
539,scarce,100.0,46.04221279922569,0.0,0.0,24.325666783590812
540,scarce,100.0,46.04229093513595,0.0,0.0,24.325666783590812
541,scarce,100.0,46.04236907091343,0.0,0.0,24.325666783590812
542,scarce,100.0,46.04244720655808,0.0,0.0,24.325666783590812
543,scarce,100.0,46.04252534206991,0.0,0.0,24.325666783590812
544,scarce,100.0,46.04260347744892,0.0,0.0,24.325666783590812
545,scarce,100.0,46.04268161269513,0.0,0.0,24.325666783590812
546,scarce,100.0,46.0427597478085,0.0,0.0,24.325666783590812
547,scarce,100.0,46.04283788278908,0.0,0.0,24.325666783590812
548,scarce,100.0,46.04291601763683,0.0,0.0,24.325666783590812
549,scarce,100.0,46.042994152351774,0.0,0.0,24.325666783590812
550,scarce,100.0,46.0430722869339,0.0,0.0,24.325666783590812
551,scarce,100.0,46.0431504213832,0.0,0.0,24.325666783590812
552,scarce,100.0,46.0432285556997,0.0,0.0,24.325666783590812
553,scarce,100.0,46.04330668988339,0.0,0.0,24.325666783590812
554,scarce,100.0,46.043384823934254,0.0,0.0,24.325666783590812
555,scarce,100.0,46.04346295785231,0.0,0.0,24.325666783590812
556,scarce,100.0,46.04354109163756,0.0,0.0,24.325666783590812
557,scarce,100.0,46.043619225289994,0.0,0.0,24.325666783590812
558,scarce,100.0,46.04369735880962,0.0,0.0,24.325666783590812
559,scarce,100.0,46.04377549219642,0.0,0.0,24.325666783590812
560,scarce,100.0,46.04385362545042,0.0,0.0,24.325666783590812
561,scarce,100.0,46.043931758571595,0.0,0.0,24.325666783590812
562,scarce,100.0,46.044009891559966,0.0,0.0,24.325666783590812
563,scarce,100.0,46.04408802441553,0.0,0.0,24.325666783590812
564,scarce,100.0,46.04416615713828,0.0,0.0,24.325666783590812
565,scarce,100.0,46.044244289728226,0.0,0.0,24.325666783590812
566,scarce,100.0,46.04432242218536,0.0,0.0,24.325666783590812
567,scarce,100.0,46.04440055450968,0.0,0.0,24.325666783590812
568,scarce,100.0,46.04447868670119,0.0,0.0,24.325666783590812
569,scarce,100.0,46.044556818759894,0.0,0.0,24.325666783590812
570,scarce,100.0,46.04463495068579,0.0,0.0,24.325666783590812
571,scarce,100.0,46.04471308247887,0.0,0.0,24.325666783590812
572,scarce,100.0,46.044791214139146,0.0,0.0,24.325666783590812
573,scarce,100.0,46.04486934566662,0.0,0.0,24.325666783590812
574,scarce,100.0,46.044947477061285,0.0,0.0,24.325666783590812
575,scarce,100.0,46.04502560832313,0.0,0.0,24.325666783590812
576,scarce,100.0,46.04510373945217,0.0,0.0,24.325666783590812
577,scarce,100.0,46.04518187044841,0.0,0.0,24.325666783590812
578,scarce,100.0,46.045260001311846,0.0,0.0,24.325666783590812
579,scarce,100.0,46.04533813204247,0.0,0.0,24.325666783590812
580,scarce,100.0,46.04541626264029,0.0,0.0,24.325666783590812
581,scarce,100.0,46.045494393105294,0.0,0.0,24.325666783590812
582,scarce,100.0,46.04557252343751,0.0,0.0,24.325666783590812
583,scarce,100.0,46.04565065363689,0.0,0.0,24.325666783590812
584,scarce,100.0,46.045728783703495,0.0,0.0,24.325666783590812
585,scarce,100.0,46.045806913637286,0.0,0.0,24.325666783590812
586,scarce,100.0,46.04588504343828,0.0,0.0,24.325666783590812
587,scarce,100.0,46.04596317310646,0.0,0.0,24.325666783590812
588,scarce,100.0,46.04604130264184,0.0,0.0,24.325666783590812
589,scarce,100.0,46.04611943204441,0.0,0.0,24.325666783590812
590,scarce,100.0,46.04619756131418,0.0,0.0,24.325666783590812
591,scarce,100.0,46.04627569045114,0.0,0.0,24.325666783590812
592,scarce,100.0,46.0463538194553,0.0,0.0,24.325666783590812
593,scarce,100.0,46.04643194832667,0.0,0.0,24.325666783590812
594,scarce,100.0,46.04651007706523,0.0,0.0,24.325666783590812
595,scarce,100.0,46.04658820567098,0.0,0.0,24.325666783590812
596,scarce,100.0,46.04666633414393,0.0,0.0,24.325666783590812
597,scarce,100.0,46.04674446248408,0.0,0.0,24.325666783590812
598,scarce,100.0,46.04682259069144,0.0,0.0,24.325666783590812
599,scarce,100.0,46.04690071876598,0.0,0.0,24.325666783590812
600,scarce,100.0,46.04697884670774,0.0,0.0,24.325666783590812
601,scarce,100.0,46.04705697451668,0.0,0.0,24.325666783590812
602,scarce,100.0,46.04713510219284,0.0,0.0,24.325666783590812
603,scarce,100.0,46.04721322973617,0.0,0.0,24.325666783590812
604,scarce,100.0,46.04729135714671,0.0,0.0,24.325666783590812
605,scarce,100.0,46.047369484424465,0.0,0.0,24.325666783590812
606,scarce,100.0,46.04744761156942,0.0,0.0,24.325666783590812
607,scarce,100.0,46.04752573858157,0.0,0.0,24.325666783590812
608,scarce,100.0,46.04760386546092,0.0,0.0,24.325666783590812
609,scarce,100.0,46.047681992207465,0.0,0.0,24.325666783590812
610,scarce,100.0,46.04776011882122,0.0,0.0,24.325666783590812
611,scarce,100.0,46.04783824530217,0.0,0.0,24.325666783590812
612,scarce,100.0,46.04791637165034,0.0,0.0,24.325666783590812
613,scarce,100.0,46.047994497865695,0.0,0.0,24.325666783590812
614,scarce,100.0,46.04807262394826,0.0,0.0,24.325666783590812
615,scarce,100.0,46.04815074989803,0.0,0.0,24.325666783590812
616,scarce,100.0,46.04822887571499,0.0,0.0,24.325666783590812
617,scarce,100.0,46.048307001399166,0.0,0.0,24.325666783590812
618,scarce,100.0,46.04838512695055,0.0,0.0,24.325666783590812
619,scarce,100.0,46.04846325236914,0.0,0.0,24.325666783590812
620,scarce,100.0,46.048541377654914,0.0,0.0,24.325666783590812
621,scarce,100.0,46.04861950280791,0.0,0.0,24.325666783590812
622,scarce,100.0,46.0486976278281,0.0,0.0,24.325666783590812
623,scarce,100.0,46.04877575271551,0.0,0.0,24.325666783590812
624,scarce,100.0,46.04885387747011,0.0,0.0,24.325666783590812
625,scarce,100.0,46.048932002091924,0.0,0.0,24.325666783590812
626,scarce,100.0,46.04901012658094,0.0,0.0,24.325666783590812
627,scarce,100.0,46.04908825093717,0.0,0.0,24.325666783590812
628,scarce,100.0,46.0491663751606,0.0,0.0,24.325666783590812
629,scarce,100.0,46.04924449925124,0.0,0.0,24.325666783590812
630,scarce,100.0,46.04932262320908,0.0,0.0,24.325666783590812
631,scarce,100.0,46.04940074703413,0.0,0.0,24.325666783590812
632,scarce,100.0,46.0494788707264,0.0,0.0,24.325666783590812
633,scarce,100.0,46.049556994285865,0.0,0.0,24.325666783590812
634,scarce,100.0,46.04963511771254,0.0,0.0,24.325666783590812
635,scarce,100.0,46.04971324100642,0.0,0.0,24.325666783590812
636,scarce,100.0,46.04979136416751,0.0,0.0,24.325666783590812
637,scarce,100.0,46.04986948719582,0.0,0.0,24.325666783590812
638,scarce,100.0,46.04994761009134,0.0,0.0,24.325666783590812
639,scarce,100.0,46.05002573285405,0.0,0.0,24.325666783590812
640,scarce,100.0,46.05010385548399,0.0,0.0,24.325666783590812
641,scarce,100.0,46.05018197798113,0.0,0.0,24.325666783590812
642,scarce,100.0,46.05026010034548,0.0,0.0,24.325666783590812
643,scarce,100.0,46.05033822257704,0.0,0.0,24.325666783590812
644,scarce,100.0,46.050416344675824,0.0,0.0,24.325666783590812
645,scarce,100.0,46.05049446664181,0.0,0.0,24.325666783590812
646,scarce,100.0,46.050572588475006,0.0,0.0,24.325666783590812
647,scarce,100.0,46.05065071017542,0.0,0.0,24.325666783590812
648,scarce,100.0,46.05072883174303,0.0,0.0,24.325666783590812
649,scarce,100.0,46.05080695317786,0.0,0.0,24.325666783590812
650,scarce,100.0,46.05088507447991,0.0,0.0,24.325666783590812
651,scarce,100.0,46.05096319564917,0.0,0.0,24.325666783590812
652,scarce,100.0,46.05104131668565,0.0,0.0,24.325666783590812
653,scarce,100.0,46.05111943758932,0.0,0.0,24.325666783590812
654,scarce,100.0,46.05119755836023,0.0,0.0,24.325666783590812
655,scarce,100.0,46.05127567899833,0.0,0.0,24.325666783590812
656,scarce,100.0,46.05135379950366,0.0,0.0,24.325666783590812
657,scarce,100.0,46.0514319198762,0.0,0.0,24.325666783590812
658,scarce,100.0,46.05151004011596,0.0,0.0,24.325666783590812
659,scarce,100.0,46.05158816022293,0.0,0.0,24.325666783590812
660,scarce,100.0,46.05166628019711,0.0,0.0,24.325666783590812
661,scarce,100.0,46.05174440003851,0.0,0.0,24.325666783590812
662,scarce,100.0,46.05182251974714,0.0,0.0,24.325666783590812
663,scarce,100.0,46.05190063932296,0.0,0.0,24.325666783590812
664,scarce,100.0,46.05197875876601,0.0,0.0,24.325666783590812
665,scarce,100.0,46.05205687807627,0.0,0.0,24.325666783590812
666,scarce,100.0,46.05213499725376,0.0,0.0,24.325666783590812
667,scarce,100.0,46.05221311629846,0.0,0.0,24.325666783590812
668,scarce,100.0,46.05229123521038,0.0,0.0,24.325666783590812
669,scarce,100.0,46.05236935398951,0.0,0.0,24.325666783590812
670,scarce,100.0,46.05244747263586,0.0,0.0,24.325666783590812
671,scarce,100.0,46.05252559114944,0.0,0.0,24.325666783590812
672,scarce,100.0,46.052603709530224,0.0,0.0,24.325666783590812
673,scarce,100.0,46.05268182777823,0.0,0.0,24.325666783590812
674,scarce,100.0,46.05275994589346,0.0,0.0,24.325666783590812
675,scarce,100.0,46.0528380638759,0.0,0.0,24.325666783590812
676,scarce,100.0,46.052916181725564,0.0,0.0,24.325666783590812
677,scarce,100.0,46.05299429944246,0.0,0.0,24.325666783590812
678,scarce,100.0,46.053072417026556,0.0,0.0,24.325666783590812
679,scarce,100.0,46.053150534477886,0.0,0.0,24.325666783590812
680,scarce,100.0,46.05322865179644,0.0,0.0,24.325666783590812
681,scarce,100.0,46.05330676898221,0.0,0.0,24.325666783590812
682,scarce,100.0,46.0533848860352,0.0,0.0,24.325666783590812
683,scarce,100.0,46.053463002955404,0.0,0.0,24.325666783590812
684,scarce,100.0,46.05354111974284,0.0,0.0,24.325666783590812
685,scarce,100.0,46.053619236397495,0.0,0.0,24.325666783590812
686,scarce,100.0,46.053697352919365,0.0,0.0,24.325666783590812
687,scarce,100.0,46.05377546930847,0.0,0.0,24.325666783590812
688,scarce,100.0,46.05385358556479,0.0,0.0,24.325666783590812
689,scarce,100.0,46.053931701688334,0.0,0.0,24.325666783590812
690,scarce,100.0,46.0540098176791,0.0,0.0,24.325666783590812
691,scarce,100.0,46.05408793353708,0.0,0.0,24.325666783590812
692,scarce,100.0,46.05416604926231,0.0,0.0,24.325666783590812
693,scarce,100.0,46.054244164854744,0.0,0.0,24.325666783590812
694,scarce,100.0,46.05432228031441,0.0,0.0,24.325666783590812
695,scarce,100.0,46.054400395641295,0.0,0.0,24.325666783590812
696,scarce,100.0,46.054478510835416,0.0,0.0,24.325666783590812
697,scarce,100.0,46.05455662589675,0.0,0.0,24.325666783590812
698,scarce,100.0,46.05463474082532,0.0,0.0,24.325666783590812
699,scarce,100.0,46.05471285562111,0.0,0.0,24.325666783590812
700,scarce,100.0,46.054790970284124,0.0,0.0,24.325666783590812
701,scarce,100.0,46.05486908481436,0.0,0.0,24.325666783590812
702,scarce,100.0,46.054947199211846,0.0,0.0,24.325666783590812
703,scarce,100.0,46.055025313476534,0.0,0.0,24.325666783590812
704,scarce,100.0,46.05510342760845,0.0,0.0,24.325666783590812
705,scarce,100.0,46.0551815416076,0.0,0.0,24.325666783590812
706,scarce,100.0,46.055259655473975,0.0,0.0,24.325666783590812
707,scarce,100.0,46.05533776920758,0.0,0.0,24.325666783590812
708,scarce,100.0,46.05541588280842,0.0,0.0,24.325666783590812
709,scarce,100.0,46.05549399627649,0.0,0.0,24.325666783590812
710,scarce,100.0,46.055572109611774,0.0,0.0,24.325666783590812
711,scarce,100.0,46.0556502228143,0.0,0.0,24.325666783590812
712,scarce,100.0,46.05572833588405,0.0,0.0,24.325666783590812
713,scarce,100.0,46.055806448821016,0.0,0.0,24.325666783590812
714,scarce,100.0,46.055884561625234,0.0,0.0,24.325666783590812
715,scarce,100.0,46.05596267429667,0.0,0.0,24.325666783590812
716,scarce,100.0,46.05604078683533,0.0,0.0,24.325666783590812
717,scarce,100.0,46.056118899241234,0.0,0.0,24.325666783590812
718,scarce,100.0,46.05619701151438,0.0,0.0,24.325666783590812
719,scarce,100.0,46.056275123654736,0.0,0.0,24.325666783590812
720,scarce,100.0,46.05635323566232,0.0,0.0,24.325666783590812
721,scarce,100.0,46.05643134753715,0.0,0.0,24.325666783590812
722,scarce,100.0,46.05650945927921,0.0,0.0,24.325666783590812
723,scarce,100.0,46.05658757088849,0.0,0.0,24.325666783590812
724,scarce,100.0,46.05666568236502,0.0,0.0,24.325666783590812
725,scarce,100.0,46.056743793708776,0.0,0.0,24.325666783590812
726,scarce,100.0,46.05682190491976,0.0,0.0,24.325666783590812
727,scarce,100.0,46.056900015997975,0.0,0.0,24.325666783590812
728,scarce,100.0,46.056978126943434,0.0,0.0,24.325666783590812
729,scarce,100.0,46.05705623775613,0.0,0.0,24.325666783590812
730,scarce,100.0,46.057134348436044,0.0,0.0,24.325666783590812
731,scarce,100.0,46.0572124589832,0.0,0.0,24.325666783590812
732,scarce,100.0,46.057290569397594,0.0,0.0,24.325666783590812
733,scarce,100.0,46.057368679679215,0.0,0.0,24.325666783590812
734,scarce,100.0,46.05744678982809,0.0,0.0,24.325666783590812
735,scarce,100.0,46.057524899844175,0.0,0.0,24.325666783590812
736,scarce,100.0,46.05760300972751,0.0,0.0,24.325666783590812
737,scarce,100.0,46.05768111947808,0.0,0.0,24.325666783590812
738,scarce,100.0,46.057759229095886,0.0,0.0,24.325666783590812
739,scarce,100.0,46.057837338580924,0.0,0.0,24.325666783590812
740,scarce,100.0,46.057915447933205,0.0,0.0,24.325666783590812
741,scarce,100.0,46.05799355715271,0.0,0.0,24.325666783590812
742,scarce,100.0,46.058071666239464,0.0,0.0,24.325666783590812
743,scarce,100.0,46.05814977519346,0.0,0.0,24.325666783590812
744,scarce,100.0,46.05822788401469,0.0,0.0,24.325666783590812
745,scarce,100.0,46.058305992703154,0.0,0.0,24.325666783590812
746,scarce,100.0,46.05838410125886,0.0,0.0,24.325666783590812
747,scarce,100.0,46.05846220968181,0.0,0.0,24.325666783590812
748,scarce,100.0,46.05854031797198,0.0,0.0,24.325666783590812
749,scarce,100.0,46.058618426129414,0.0,0.0,24.325666783590812
750,scarce,100.0,46.05869653415406,0.0,0.0,24.325666783590812
751,scarce,100.0,46.05877464204596,0.0,0.0,24.325666783590812
752,scarce,100.0,46.05885274980511,0.0,0.0,24.325666783590812
753,scarce,100.0,46.05893085743149,0.0,0.0,24.325666783590812
754,scarce,100.0,46.05900896492511,0.0,0.0,24.325666783590812
755,scarce,100.0,46.05908707228597,0.0,0.0,24.325666783590812
756,scarce,100.0,46.059165179514075,0.0,0.0,24.325666783590812
757,scarce,100.0,46.05924328660942,0.0,0.0,24.325666783590812
758,scarce,100.0,46.05932139357201,0.0,0.0,24.325666783590812
759,scarce,100.0,46.059399500401845,0.0,0.0,24.325666783590812
760,scarce,100.0,46.05947760709891,0.0,0.0,24.325666783590812
761,scarce,100.0,46.05955571366322,0.0,0.0,24.325666783590812
762,scarce,100.0,46.05963382009479,0.0,0.0,24.325666783590812
763,scarce,100.0,46.05971192639359,0.0,0.0,24.325666783590812
764,scarce,100.0,46.05979003255962,0.0,0.0,24.325666783590812
765,scarce,100.0,46.059868138592904,0.0,0.0,24.325666783590812
766,scarce,100.0,46.05994624449343,0.0,0.0,24.325666783590812
767,scarce,100.0,46.06002435026121,0.0,0.0,24.325666783590812
768,scarce,100.0,46.06010245589622,0.0,0.0,24.325666783590812
769,scarce,100.0,46.06018056139849,0.0,0.0,24.325666783590812
770,scarce,100.0,46.06025866676799,0.0,0.0,24.325666783590812
771,scarce,100.0,46.06033677200475,0.0,0.0,24.325666783590812
772,scarce,100.0,46.060414877108755,0.0,0.0,24.325666783590812
773,scarce,100.0,46.06049298207999,0.0,0.0,24.325666783590812
774,scarce,100.0,46.060571086918486,0.0,0.0,24.325666783590812
775,scarce,100.0,46.06064919162422,0.0,0.0,24.325666783590812
776,scarce,100.0,46.06072729619719,0.0,0.0,24.325666783590812
777,scarce,100.0,46.06080540063743,0.0,0.0,24.325666783590812
778,scarce,100.0,46.0608835049449,0.0,0.0,24.325666783590812
779,scarce,100.0,46.06096160911964,0.0,0.0,24.325666783590812
780,scarce,100.0,46.0610397131616,0.0,0.0,24.325666783590812
781,scarce,100.0,46.061117817070816,0.0,0.0,24.325666783590812
782,scarce,100.0,46.061195920847275,0.0,0.0,24.325666783590812
783,scarce,100.0,46.061274024491,0.0,0.0,24.325666783590812
784,scarce,100.0,46.061352128001964,0.0,0.0,24.325666783590812
785,scarce,100.0,46.061430231380186,0.0,0.0,24.325666783590812
786,scarce,100.0,46.06150833462564,0.0,0.0,24.325666783590812
787,scarce,100.0,46.06158643773834,0.0,0.0,24.325666783590812
788,scarce,100.0,46.06166454071832,0.0,0.0,24.325666783590812
789,scarce,100.0,46.06174264356553,0.0,0.0,24.325666783590812
790,scarce,100.0,46.06182074627999,0.0,0.0,24.325666783590812
791,scarce,100.0,46.0618988488617,0.0,0.0,24.325666783590812
792,scarce,100.0,46.06197695131066,0.0,0.0,24.325666783590812
793,scarce,100.0,46.06205505362687,0.0,0.0,24.325666783590812
794,scarce,100.0,46.06213315581035,0.0,0.0,24.325666783590812
795,scarce,100.0,46.062211257861065,0.0,0.0,24.325666783590812
796,scarce,100.0,46.06228935977903,0.0,0.0,24.325666783590812
797,scarce,100.0,46.06236746156425,0.0,0.0,24.325666783590812
798,scarce,100.0,46.06244556321673,0.0,0.0,24.325666783590812
799,scarce,100.0,46.062523664736446,0.0,0.0,24.325666783590812
800,scarce,100.0,46.06260176612343,0.0,0.0,24.325666783590812
801,scarce,100.0,46.06267986737767,0.0,0.0,24.325666783590812
802,scarce,100.0,46.06275796849915,0.0,0.0,24.325666783590812
803,scarce,100.0,46.062836069487894,0.0,0.0,24.325666783590812
804,scarce,100.0,46.06291417034389,0.0,0.0,24.325666783590812
805,scarce,100.0,46.062992271067124,0.0,0.0,24.325666783590812
806,scarce,100.0,46.06307037165763,0.0,0.0,24.325666783590812
807,scarce,100.0,46.06314847211539,0.0,0.0,24.325666783590812
808,scarce,100.0,46.063226572440406,0.0,0.0,24.325666783590812
809,scarce,100.0,46.06330467263267,0.0,0.0,24.325666783590812
810,scarce,100.0,46.0633827726922,0.0,0.0,24.325666783590812
811,scarce,100.0,46.063460872618975,0.0,0.0,24.325666783590812
812,scarce,100.0,46.063538972413006,0.0,0.0,24.325666783590812
813,scarce,100.0,46.0636170720743,0.0,0.0,24.325666783590812
814,scarce,100.0,46.06369517160285,0.0,0.0,24.325666783590812
815,scarce,100.0,46.06377327099865,0.0,0.0,24.325666783590812
816,scarce,100.0,46.06385137026173,0.0,0.0,24.325666783590812
817,scarce,100.0,46.063929469392036,0.0,0.0,24.325666783590812
818,scarce,100.0,46.06400756838963,0.0,0.0,24.325666783590812
819,scarce,100.0,46.06408566725446,0.0,0.0,24.325666783590812
820,scarce,100.0,46.06416376598656,0.0,0.0,24.325666783590812
821,scarce,100.0,46.06424186458592,0.0,0.0,24.325666783590812
822,scarce,100.0,46.064319963052526,0.0,0.0,24.325666783590812
823,scarce,100.0,46.06439806138639,0.0,0.0,24.325666783590812
824,scarce,100.0,46.06447615958753,0.0,0.0,24.325666783590812
825,scarce,100.0,46.064554257655914,0.0,0.0,24.325666783590812
826,scarce,100.0,46.06463235559157,0.0,0.0,24.325666783590812
827,scarce,100.0,46.06471045339448,0.0,0.0,24.325666783590812
828,scarce,100.0,46.06478855106466,0.0,0.0,24.325666783590812
829,scarce,100.0,46.06486664860209,0.0,0.0,24.325666783590812
830,scarce,100.0,46.06494474600679,0.0,0.0,24.325666783590812
831,scarce,100.0,46.06502284327874,0.0,0.0,24.325666783590812
832,scarce,100.0,46.065100940417956,0.0,0.0,24.325666783590812
833,scarce,100.0,46.06517903742443,0.0,0.0,24.325666783590812
834,scarce,100.0,46.06525713429817,0.0,0.0,24.325666783590812
835,scarce,100.0,46.065335231039164,0.0,0.0,24.325666783590812
836,scarce,100.0,46.06541332764744,0.0,0.0,24.325666783590812
837,scarce,100.0,46.065491424122975,0.0,0.0,24.325666783590812
838,scarce,100.0,46.065569520465765,0.0,0.0,24.325666783590812
839,scarce,100.0,46.06564761667582,0.0,0.0,24.325666783590812
840,scarce,100.0,46.065725712753135,0.0,0.0,24.325666783590812
841,scarce,100.0,46.06580380869772,0.0,0.0,24.325666783590812
842,scarce,100.0,46.06588190450957,0.0,0.0,24.325666783590812
843,scarce,100.0,46.06596000018868,0.0,0.0,24.325666783590812
844,scarce,100.0,46.06603809573506,0.0,0.0,24.325666783590812
845,scarce,100.0,46.0661161911487,0.0,0.0,24.325666783590812
846,scarce,100.0,46.06619428642961,0.0,0.0,24.325666783590812
847,scarce,100.0,46.066272381577775,0.0,0.0,24.325666783590812
848,scarce,100.0,46.066350476593215,0.0,0.0,24.325666783590812
849,scarce,100.0,46.06642857147592,0.0,0.0,24.325666783590812
850,scarce,100.0,46.066506666225884,0.0,0.0,24.325666783590812
851,scarce,100.0,46.066584760843135,0.0,0.0,24.325666783590812
852,scarce,100.0,46.06666285532764,0.0,0.0,24.325666783590812
853,scarce,100.0,46.06674094967941,0.0,0.0,24.325666783590812
854,scarce,100.0,46.06681904389845,0.0,0.0,24.325666783590812
855,scarce,100.0,46.06689713798476,0.0,0.0,24.325666783590812
856,scarce,100.0,46.066975231938336,0.0,0.0,24.325666783590812
857,scarce,100.0,46.067053325759176,0.0,0.0,24.325666783590812
858,scarce,100.0,46.0671314194473,0.0,0.0,24.325666783590812
859,scarce,100.0,46.06720951300268,0.0,0.0,24.325666783590812
860,scarce,100.0,46.067287606425324,0.0,0.0,24.325666783590812
861,scarce,100.0,46.06736569971524,0.0,0.0,24.325666783590812
862,scarce,100.0,46.06744379287243,0.0,0.0,24.325666783590812
863,scarce,100.0,46.067521885896895,0.0,0.0,24.325666783590812
864,scarce,100.0,46.06759997878863,0.0,0.0,24.325666783590812
865,scarce,100.0,46.06767807154763,0.0,0.0,24.325666783590812
866,scarce,100.0,46.06775616417389,0.0,0.0,24.325666783590812
867,scarce,100.0,46.06783425666743,0.0,0.0,24.325666783590812
868,scarce,100.0,46.06791234902825,0.0,0.0,24.325666783590812
869,scarce,100.0,46.067990441256335,0.0,0.0,24.325666783590812
870,scarce,100.0,46.06806853335169,0.0,0.0,24.325666783590812
871,scarce,100.0,46.06814662531432,0.0,0.0,24.325666783590812
872,scarce,100.0,46.06822471714423,0.0,0.0,24.325666783590812
873,scarce,100.0,46.0683028088414,0.0,0.0,24.325666783590812
874,scarce,100.0,46.06838090040585,0.0,0.0,24.325666783590812
875,scarce,100.0,46.068458991837566,0.0,0.0,24.325666783590812
876,scarce,100.0,46.068537083136555,0.0,0.0,24.325666783590812
877,scarce,100.0,46.06861517430283,0.0,0.0,24.325666783590812
878,scarce,100.0,46.068693265336364,0.0,0.0,24.325666783590812
879,scarce,100.0,46.06877135623719,0.0,0.0,24.325666783590812
880,scarce,100.0,46.06884944700527,0.0,0.0,24.325666783590812
881,scarce,100.0,46.06892753764063,0.0,0.0,24.325666783590812
882,scarce,100.0,46.06900562814328,0.0,0.0,24.325666783590812
883,scarce,100.0,46.0690837185132,0.0,0.0,24.325666783590812
884,scarce,100.0,46.06916180875038,0.0,0.0,24.325666783590812
885,scarce,100.0,46.06923989885486,0.0,0.0,24.325666783590812
886,scarce,100.0,46.0693179888266,0.0,0.0,24.325666783590812
887,scarce,100.0,46.06939607866562,0.0,0.0,24.325666783590812
888,scarce,100.0,46.06947416837191,0.0,0.0,24.325666783590812
889,scarce,100.0,46.069552257945475,0.0,0.0,24.325666783590812
890,scarce,100.0,46.06963034738633,0.0,0.0,24.325666783590812
891,scarce,100.0,46.06970843669447,0.0,0.0,24.325666783590812
892,scarce,100.0,46.069786525869866,0.0,0.0,24.325666783590812
893,scarce,100.0,46.06986461491255,0.0,0.0,24.325666783590812
894,scarce,100.0,46.06994270382251,0.0,0.0,24.325666783590812
895,scarce,100.0,46.07002079259975,0.0,0.0,24.325666783590812
896,scarce,100.0,46.07009888124427,0.0,0.0,24.325666783590812
897,scarce,100.0,46.07017696975607,0.0,0.0,24.325666783590812
898,scarce,100.0,46.070255058135146,0.0,0.0,24.325666783590812
899,scarce,100.0,46.0703331463815,0.0,0.0,24.325666783590812
900,scarce,100.0,46.07041123449515,0.0,0.0,24.325666783590812
901,scarce,100.0,46.070489322476064,0.0,0.0,24.325666783590812
902,scarce,100.0,46.070567410324266,0.0,0.0,24.325666783590812
903,scarce,100.0,46.07064549803974,0.0,0.0,24.325666783590812
904,scarce,100.0,46.070723585622495,0.0,0.0,24.325666783590812
905,scarce,100.0,46.07080167307254,0.0,0.0,24.325666783590812
906,scarce,100.0,46.07087976038986,0.0,0.0,24.325666783590812
907,scarce,100.0,46.070957847574455,0.0,0.0,24.325666783590812
908,scarce,100.0,46.07103593462635,0.0,0.0,24.325666783590812
909,scarce,100.0,46.07111402154552,0.0,0.0,24.325666783590812
910,scarce,100.0,46.07119210833197,0.0,0.0,24.325666783590812
911,scarce,100.0,46.07127019498571,0.0,0.0,24.325666783590812
912,scarce,100.0,46.07134828150672,0.0,0.0,24.325666783590812
913,scarce,100.0,46.071426367895015,0.0,0.0,24.325666783590812
914,scarce,100.0,46.07150445415061,0.0,0.0,24.325666783590812
915,scarce,100.0,46.07158254027347,0.0,0.0,24.325666783590812
916,scarce,100.0,46.071660626263615,0.0,0.0,24.325666783590812
917,scarce,100.0,46.07173871212106,0.0,0.0,24.325666783590812
918,scarce,100.0,46.07181679784579,0.0,0.0,24.325666783590812
919,scarce,100.0,46.071894883437785,0.0,0.0,24.325666783590812
920,scarce,100.0,46.071972968897086,0.0,0.0,24.325666783590812
921,scarce,100.0,46.072051054223664,0.0,0.0,24.325666783590812
922,scarce,100.0,46.07212913941752,0.0,0.0,24.325666783590812
923,scarce,100.0,46.072207224478674,0.0,0.0,24.325666783590812
924,scarce,100.0,46.072285309407114,0.0,0.0,24.325666783590812
925,scarce,100.0,46.07236339420283,0.0,0.0,24.325666783590812
926,scarce,100.0,46.07244147886584,0.0,0.0,24.325666783590812
927,scarce,100.0,46.072519563396135,0.0,0.0,24.325666783590812
928,scarce,100.0,46.07259764779372,0.0,0.0,24.325666783590812
929,scarce,100.0,46.07267573205859,0.0,0.0,24.325666783590812
930,scarce,100.0,46.072753816190755,0.0,0.0,24.325666783590812
931,scarce,100.0,46.0728319001902,0.0,0.0,24.325666783590812
932,scarce,100.0,46.07290998405694,0.0,0.0,24.325666783590812
933,scarce,100.0,46.07298806779096,0.0,0.0,24.325666783590812
934,scarce,100.0,46.073066151392275,0.0,0.0,24.325666783590812
935,scarce,100.0,46.073144234860884,0.0,0.0,24.325666783590812
936,scarce,100.0,46.073222318196784,0.0,0.0,24.325666783590812
937,scarce,100.0,46.07330040139996,0.0,0.0,24.325666783590812
938,scarce,100.0,46.07337848447044,0.0,0.0,24.325666783590812
939,scarce,100.0,46.07345656740819,0.0,0.0,24.325666783590812
940,scarce,100.0,46.073534650213254,0.0,0.0,24.325666783590812
941,scarce,100.0,46.07361273288561,0.0,0.0,24.325666783590812
942,scarce,100.0,46.07369081542523,0.0,0.0,24.325666783590812
943,scarce,100.0,46.07376889783216,0.0,0.0,24.325666783590812
944,scarce,100.0,46.07384698010638,0.0,0.0,24.325666783590812
945,scarce,100.0,46.0739250622479,0.0,0.0,24.325666783590812
946,scarce,100.0,46.0740031442567,0.0,0.0,24.325666783590812
947,scarce,100.0,46.0740812261328,0.0,0.0,24.325666783590812
948,scarce,100.0,46.074159307876194,0.0,0.0,24.325666783590812
949,scarce,100.0,46.074237389486875,0.0,0.0,24.325666783590812
950,scarce,100.0,46.07431547096485,0.0,0.0,24.325666783590812
951,scarce,100.0,46.07439355231012,0.0,0.0,24.325666783590812
952,scarce,100.0,46.074471633522684,0.0,0.0,24.325666783590812
953,scarce,100.0,46.07454971460253,0.0,0.0,24.325666783590812
954,scarce,100.0,46.074627795549695,0.0,0.0,24.325666783590812
955,scarce,100.0,46.074705876364135,0.0,0.0,24.325666783590812
956,scarce,100.0,46.07478395704588,0.0,0.0,24.325666783590812
957,scarce,100.0,46.07486203759492,0.0,0.0,24.325666783590812
958,scarce,100.0,46.07494011801125,0.0,0.0,24.325666783590812
959,scarce,100.0,46.075018198294885,0.0,0.0,24.325666783590812
960,scarce,100.0,46.075096278445805,0.0,0.0,24.325666783590812
961,scarce,100.0,46.075174358464025,0.0,0.0,24.325666783590812
962,scarce,100.0,46.07525243834955,0.0,0.0,24.325666783590812
963,scarce,100.0,46.07533051810236,0.0,0.0,24.325666783590812
964,scarce,100.0,46.07540859772247,0.0,0.0,24.325666783590812
965,scarce,100.0,46.07548667720988,0.0,0.0,24.325666783590812
966,scarce,100.0,46.07556475656459,0.0,0.0,24.325666783590812
967,scarce,100.0,46.07564283578659,0.0,0.0,24.325666783590812
968,scarce,100.0,46.075720914875895,0.0,0.0,24.325666783590812
969,scarce,100.0,46.0757989938325,0.0,0.0,24.325666783590812
970,scarce,100.0,46.0758770726564,0.0,0.0,24.325666783590812
971,scarce,100.0,46.0759551513476,0.0,0.0,24.325666783590812
972,scarce,100.0,46.076033229906095,0.0,0.0,24.325666783590812
973,scarce,100.0,46.076111308331896,0.0,0.0,24.325666783590812
974,scarce,100.0,46.076189386624996,0.0,0.0,24.325666783590812
975,scarce,100.0,46.076267464785396,0.0,0.0,24.325666783590812
976,scarce,100.0,46.076345542813094,0.0,0.0,24.325666783590812
977,scarce,100.0,46.07642362070809,0.0,0.0,24.325666783590812
978,scarce,100.0,46.076501698470395,0.0,0.0,24.325666783590812
979,scarce,100.0,46.0765797761,0.0,0.0,24.325666783590812
980,scarce,100.0,46.0766578535969,0.0,0.0,24.325666783590812
981,scarce,100.0,46.0767359309611,0.0,0.0,24.325666783590812
982,scarce,100.0,46.07681400819262,0.0,0.0,24.325666783590812
983,scarce,100.0,46.07689208529141,0.0,0.0,24.325666783590812
984,scarce,100.0,46.07697016225753,0.0,0.0,24.325666783590812
985,scarce,100.0,46.07704823909095,0.0,0.0,24.325666783590812
986,scarce,100.0,46.07712631579166,0.0,0.0,24.325666783590812
987,scarce,100.0,46.07720439235969,0.0,0.0,24.325666783590812
988,scarce,100.0,46.077282468795005,0.0,0.0,24.325666783590812
989,scarce,100.0,46.07736054509764,0.0,0.0,24.325666783590812
990,scarce,100.0,46.077438621267575,0.0,0.0,24.325666783590812
991,scarce,100.0,46.07751669730481,0.0,0.0,24.325666783590812
992,scarce,100.0,46.07759477320935,0.0,0.0,24.325666783590812
993,scarce,100.0,46.07767284898119,0.0,0.0,24.325666783590812
994,scarce,100.0,46.07775092462035,0.0,0.0,24.325666783590812
995,scarce,100.0,46.077829000126805,0.0,0.0,24.325666783590812
996,scarce,100.0,46.077907075500576,0.0,0.0,24.325666783590812
997,scarce,100.0,46.07798515074164,0.0,0.0,24.325666783590812
998,scarce,100.0,46.078063225850016,0.0,0.0,24.325666783590812
999,scarce,100.0,46.07814130082569,0.0,0.0,24.325666783590812
